id,name,title,department
1,BKZ,gDU,vOV
2,CDb,JpV,FlI
3,qPH,xz1,EJ9
4,WNT,cYB,LKx
5,J4n,JQX,2Gt
6,GB9,4xY,yPC
7,bVE,oJg,1aT
8,eGu,H7B,wgV
9,KKe,Eb8,mxj
10,UnF,0ON,DaQ
11,kXb,S8a,wJL
12,vWg,y7P,xwE
13,45L,dzc,wO6
14,C56,qu5,4z6
15,4RS,lMz,wis
16,7wT,eyP,2Qj
17,2ix,i9b,EPN
18,Moe,noS,Vt1
19,2Yc,Dze,uU4
20,5q4,sEf,xBV
21,iCK,hEP,XJI
22,BJ5,i5m,wCR
23,re5,6DK,d2f
24,r8u,oE3,B7F
25,D83,blj,bSk
26,8bq,DaU,Fkx
27,6Eh,xEP,TMF
28,pOi,LrY,uDK
29,jFw,fZO,Yb8
30,IaP,8ML,oRD
31,Xvs,Uxu,rSI
32,Za7,yaL,7l9
33,W3i,SkP,C0z
34,rmR,4XQ,fW4
35,QJO,EnV,3yk
36,l3M,ivg,P1x
37,6Il,1LA,JRm
38,xyt,QRA,5u2
39,FNM,LDf,pS6
40,HRG,SkQ,5qI
41,foS,i7j,J8M
42,5yg,tMl,QUz
43,wO1,Vng,iyk
44,plI,ZcY,2PU
45,3bM,ca8,pmI
46,XPr,0TD,w67
47,arU,h1l,xnS
48,G5F,YOB,9a0
49,lx2,TBZ,5l4
50,wf5,G6B,fyh
51,Dsd,COD,08A
52,iit,WNI,VWj
53,oM4,hyE,p5H
54,0cT,Xux,fOO
55,6oy,cuu,aT6
56,Wl1,AKI,GjZ
57,kbh,7zW,jtg
58,Yg5,00Q,zOe
59,JBY,dQh,hac
60,hei,BME,cI7
61,MkA,jMQ,Gup
62,Syp,W4I,kEq
63,BTS,mN7,yGX
64,5CW,ZC4,HGk
65,fZE,c10,W8X
66,IjW,oRJ,YEj
67,YOd,on2,Str
68,Oxh,YrJ,xWR
69,tO9,C2i,8DX
70,Edc,KZZ,oBN
71,7pO,f2b,bLb
72,HYE,zf4,tMU
73,UyQ,Zxe,Mnw
74,fQx,M9r,Mu2
75,Ai0,4qO,Rl5
76,eWg,d9x,6Nd
77,S1V,10k,pWE
78,MM3,btj,Nr4
79,Y9u,Uck,REv
80,D4g,Hiy,jiq
81,2x7,n0y,EgW
82,Sid,Z3f,sNS
83,2an,MXB,EW0
84,2Uc,R9i,HcS
85,KnQ,Qtj,KXT
86,3uG,pdF,U6t
87,ks0,KQq,5sC
88,uT0,EA2,k4m
89,tmE,OUt,2CM
90,i0G,C3j,PIE
91,yU2,K9m,LCo
92,zA4,xH7,A8u
93,2n1,MJU,peL
94,hmR,G23,mVw
95,dCd,ZM2,4e4
96,AVZ,62C,kSh
97,w2j,FJg,RuO
98,KF4,ky5,G7a
99,AJT,Zyn,js8
