id,name,title,department,count,latest,earliest
33,W3i,SkP,C0z,4,1970-02-04T14:06:03,1970-01-08T15:50:54
49,lx2,TBZ,5l4,4,1970-02-21T15:52:04,1970-01-23T05:24:17
28,pOi,LrY,uDK,5,1970-02-20T16:34:11,1970-01-02T13:55:50
76,eWg,d9x,6Nd,5,1970-02-11T12:39:26,1970-01-08T14:46:00
9,KKe,Eb8,mxj,6,1970-02-25T05:30:39,1970-01-30T02:02:24
23,re5,6DK,d2f,6,1970-02-25T00:31:41,1970-01-06T12:46:48
26,8bq,DaU,Fkx,6,1970-02-15T10:13:27,1970-01-20T02:32:42
34,rmR,4XQ,fW4,6,1970-02-19T18:10:08,1970-01-01T21:18:51
42,5yg,tMl,QUz,6,1970-02-20T03:49:35,1970-01-08T22:54:25
63,BTS,mN7,yGX,6,1970-02-22T07:12:18,1970-01-21T06:06:47
72,HYE,zf4,tMU,6,1970-02-25T23:55:27,1970-01-12T08:04:19
6,GB9,4xY,yPC,7,1970-02-21T04:33:57,1970-01-03T12:27:40
16,7wT,eyP,2Qj,7,1970-02-20T02:30:21,1970-01-07T06:15:50
18,Moe,noS,Vt1,7,1970-02-21T13:50:21,1970-01-30T05:58:50
35,QJO,EnV,3yk,7,1970-02-26T14:27:17,1970-01-05T21:27:42
37,6Il,1LA,JRm,7,1970-02-19T16:59:31,1970-01-07T05:52:56
40,HRG,SkQ,5qI,7,1970-02-11T08:50:42,1970-01-06T10:37:49
50,wf5,G6B,fyh,7,1970-02-13T12:21:39,1970-01-10T01:14:36
59,JBY,dQh,hac,7,1970-02-04T11:38:35,1970-01-15T09:11:47
64,5CW,ZC4,HGk,7,1970-02-25T22:01:22,1970-01-04T02:46:43
73,UyQ,Zxe,Mnw,7,1970-02-26T11:03:14,1970-01-01T16:39:46
4,WNT,cYB,LKx,8,1970-02-16T15:04:03,1970-01-06T20:12:56
10,UnF,0ON,DaQ,8,1970-02-23T06:09:18,1970-01-06T02:43:33
11,kXb,S8a,wJL,8,1970-02-24T13:38:50,1970-01-06T01:36:29
12,vWg,y7P,xwE,8,1970-02-22T05:26:49,1970-01-02T01:51:45
19,2Yc,Dze,uU4,8,1970-02-08T16:56:45,1970-01-03T10:07:32
21,iCK,hEP,XJI,8,1970-02-21T09:07:06,1970-01-04T00:39:03
38,xyt,QRA,5u2,8,1970-02-24T03:34:52,1970-01-24T16:11:55
41,foS,i7j,J8M,8,1970-02-24T21:02:51,1970-01-19T13:19:09
45,3bM,ca8,pmI,8,1970-02-25T14:42:55,1970-01-08T18:27:40
66,IjW,oRJ,YEj,8,1970-02-25T02:34:09,1970-01-01T23:28:52
75,Ai0,4qO,Rl5,8,1970-02-18T00:57:20,1970-01-11T02:39:14
3,qPH,xz1,EJ9,9,1970-02-22T02:59:13,1970-01-01T18:47:30
39,FNM,LDf,pS6,9,1970-02-26T03:59:20,1970-01-05T12:36:49
47,arU,h1l,xnS,9,1970-02-25T09:25:25,1970-01-12T16:08:36
48,G5F,YOB,9a0,9,1970-02-16T05:51:19,1970-01-03T01:43:27
53,oM4,hyE,p5H,9,1970-02-10T06:28:18,1970-01-05T10:18:28
60,hei,BME,cI7,9,1970-02-25T12:19:10,1970-01-07T00:17:44
61,MkA,jMQ,Gup,9,1970-01-28T06:45:25,1970-01-04T04:11:00
70,Edc,KZZ,oBN,9,1970-02-22T13:11:20,1970-01-18T02:26:54
79,Y9u,Uck,REv,9,1970-02-22T23:31:40,1970-01-03T01:15:53
80,D4g,Hiy,jiq,9,1970-02-25T03:49:45,1970-01-12T02:34:28
81,2x7,n0y,EgW,9,1970-02-21T01:39:54,1970-01-04T11:54:46
94,hmR,G23,mVw,9,1970-02-23T08:25:33,1970-01-01T17:41:12
99,AJT,Zyn,js8,9,1970-02-24T09:34:14,1970-01-10T00:34:00
2,CDb,JpV,FlI,10,1970-02-24T22:58:52,1970-01-09T04:22:22
7,bVE,oJg,1aT,10,1970-02-25T11:33:36,1970-01-05T00:31:41
13,45L,dzc,wO6,10,1970-02-26T05:34:16,1970-01-15T23:02:20
17,2ix,i9b,EPN,10,1970-02-24T00:51:41,1970-01-05T14:53:08
22,BJ5,i5m,wCR,10,1970-02-25T19:24:59,1970-01-03T14:14:20
27,6Eh,xEP,TMF,10,1970-02-13T13:29:03,1970-01-02T05:58:38
44,plI,ZcY,2PU,10,1970-02-22T20:32:47,1970-01-04T20:39:25
65,fZE,c10,W8X,10,1970-02-17T00:20:17,1970-01-09T09:43:47
74,fQx,M9r,Mu2,10,1970-02-21T12:02:28,1970-01-01T11:16:42
82,Sid,Z3f,sNS,10,1970-02-26T08:03:57,1970-01-06T21:38:42
83,2an,MXB,EW0,10,1970-02-17T22:43:06,1970-01-04T19:51:58
85,KnQ,Qtj,KXT,10,1970-02-21T19:22:57,1970-01-07T03:49:41
89,tmE,OUt,2CM,10,1970-02-07T08:40:26,1970-01-02T03:32:46
95,dCd,ZM2,4e4,10,1970-02-26T08:55:16,1970-01-04T10:23:56
97,w2j,FJg,RuO,10,1970-02-20T13:21:04,1970-01-01T15:05:29
15,4RS,lMz,wis,11,1970-02-23T14:09:41,1970-01-02T08:18:50
25,D83,blj,bSk,11,1970-02-21T11:42:15,1970-01-01T10:28:18
29,jFw,fZO,Yb8,11,1970-02-22T22:09:45,1970-01-01T13:15:10
36,l3M,ivg,P1x,11,1970-02-22T19:30:32,1970-01-07T21:45:57
54,0cT,Xux,fOO,11,1970-02-20T06:07:33,1970-01-02T16:02:52
77,S1V,10k,pWE,11,1970-02-25T23:35:29,1970-01-06T17:10:35
84,2Uc,R9i,HcS,11,1970-02-23T18:16:38,1970-01-02T06:27:51
90,i0G,C3j,PIE,11,1970-02-22T11:48:26,1970-01-09T15:28:18
91,yU2,K9m,LCo,11,1970-02-25T08:05:05,1970-01-09T21:55:23
93,2n1,MJU,peL,11,1970-02-24T01:43:26,1970-01-08T11:08:11
1,BKZ,gDU,vOV,12,1970-02-17T07:30:06,1970-01-03T22:02:20
31,Xvs,Uxu,rSI,12,1970-02-21T08:02:03,1970-01-02T20:26:18
46,XPr,0TD,w67,12,1970-02-26T14:27:38,1970-01-07T16:20:03
55,6oy,cuu,aT6,12,1970-02-23T02:47:44,1970-01-05T15:47:42
43,wO1,Vng,iyk,13,1970-02-24T19:29:55,1970-01-07T07:27:19
56,Wl1,AKI,GjZ,13,1970-02-16T12:21:57,1970-01-03T10:13:50
57,kbh,7zW,jtg,13,1970-02-20T20:36:21,1970-01-16T03:16:20
58,Yg5,00Q,zOe,13,1970-02-24T14:37:42,1970-01-03T19:40:01
62,Syp,W4I,kEq,13,1970-02-25T00:46:23,1970-01-02T14:08:32
67,YOd,on2,Str,13,1970-02-20T10:28:00,1970-01-03T00:19:01
86,3uG,pdF,U6t,13,1970-02-19T08:34:02,1970-01-12T00:28:25
88,uT0,EA2,k4m,13,1970-02-17T01:18:32,1970-01-03T14:39:27
92,zA4,xH7,A8u,13,1970-02-26T12:05:07,1970-01-02T09:14:59
8,eGu,H7B,wgV,14,1970-02-23T03:28:58,1970-01-09T21:34:28
14,C56,qu5,4z6,14,1970-02-12T12:39:45,1970-01-03T02:11:23
20,5q4,sEf,xBV,14,1970-02-26T18:13:00,1970-01-01T14:09:21
30,IaP,8ML,oRD,14,1970-02-23T19:37:01,1970-01-02T22:09:15
32,Za7,yaL,7l9,14,1970-02-24T19:09:14,1970-01-02T22:40:53
51,Dsd,COD,08A,14,1970-02-26T14:07:59,1970-01-03T00:18:25
68,Oxh,YrJ,xWR,14,1970-02-15T21:23:45,1970-01-01T20:18:30
96,AVZ,62C,kSh,14,1970-02-26T15:36:03,1970-01-05T06:35:54
5,J4n,JQX,2Gt,15,1970-02-17T09:05:56,1970-01-08T07:04:46
24,r8u,oE3,B7F,15,1970-02-20T08:16:11,1970-01-02T18:27:09
52,iit,WNI,VWj,16,1970-02-25T17:04:52,1970-01-04T03:55:46
78,MM3,btj,Nr4,16,1970-02-21T09:53:33,1970-01-05T23:00:07
87,ks0,KQq,5sC,16,1970-02-26T17:02:21,1970-01-02T14:47:04
98,KF4,ky5,G7a,16,1970-02-26T02:00:56,1970-01-05T03:00:59
69,tO9,C2i,8DX,17,1970-02-20T18:53:38,1970-01-06T14:45:52
71,7pO,f2b,bLb,17,1970-02-24T04:47:42,1970-01-01T14:51:11
